<!DOCTYPE tiles-definitions PUBLIC
   "-//Apache Software Foundation//DTD Tiles Configuration//EN"
   "http://jakarta.apache.org/struts/dtds/tiles-config.dtd">

<tiles-definitions>
   <definition name="menu-header-content" path="/headerMenuContentLayout.jsp">
      <put name="gridClass"           value="headerMenuContent"/>
      <put name="headerClass"         value="header"/>
      <put name="menuColumnClass"     value="menuColumn"/>
      <put name="contentColumnClass"  value="contentColumn"/>
   </definition>

   <definition name="book" extends="menu-header-content">
      <put name="header"  value="/bookHeader.jsp"/>
      <put name="menu"    value="/bookMenu.jsp"/>
      <put name="content" value="/bookContent.jsp"/>
   </definition>

   <definition name="library" path="/libraryLayout.jsp"
         controllerClass="com.corejsf.LibraryTileController">
      <put name="header"  value="/bookSelector.jsp"/>
      <put name="book" value="book"/>
   </definition>
</tiles-definitions>
