
<!--
	xmlvalidate.xml; script to validate an XML file
		First parameter cound be a schema (.xsd) file.
		Second parameter is the xml file to be validated
-->

	<target name="XMLinit">
		<available file="${xml.file}" property="xml.file.exists"/>
	</target>

	<target name="XMLExist" if="xml.file.exists">
		<property name="xmlvalidate.dir"    value="/opt/sun_xmlvalid" />
		<property name="xmlvalidate.cmd"    value="${xmlvalidate.dir}/msv.jar" />
		<property name="xmlvalidate.lib"    value="${xmlvalidate.dir}" />
		<path id="xmlvalidate.classpath">
			<pathelement location="${xmlvalidate.lib}/isorelax.jar"/>
			<pathelement location="${xmlvalidate.lib}/relaxngDatatype.jar"/>
			<pathelement location="${xmlvalidate.lib}/xercesImpl.jar"/>
			<pathelement location="${xmlvalidate.lib}/xmlParserAPIs.jar"/>
			<pathelement location="${xmlvalidate.lib}/xsdlib.jar"/>
		</path>
		<echo message="Checking ${xml.file}"/>
		<java jar="${xmlvalidate.cmd}" fork="yes" failonerror="true">
			<classpath refid="xmlvalidate.classpath"/>
			<arg line="${xml.validate.options} ${dtd.file} ${xml.file}"/>
		</java>
	</target>

<!--
	<target name="XMLExist" if="xml.file.exists">
		<echo message="Checking ${xml.file}"/>
		<java jar="/opt/sun_xmlvalid/msv.jar" fork="yes" failonerror="true">
			<arg line="${xml.validate.options} ${dtd.file} ${xml.file}"/>
		</java>
	</target>
-->

	<target name="XMLNoExist" unless="xml.file.exists">
		<echo message="WARNING: ${xml.file} does not exist."/>
	</target>

	<target name="XMLValidate" depends="XMLinit, XMLExist, XMLNoExist"/>

