<?xml version="1.0"?>

<!--
 Copyright 2003 Sun Microsystems, Inc. All rights reserved.
 SUN PROPRIETARY/CONFIDENTIAL. Use is subject to license terms.
-->

<!DOCTYPE faces-config PUBLIC
  "-//Sun Microsystems, Inc.//DTD JavaServer Faces Config 1.0//EN"
  "http://java.sun.com/dtd/web-facesconfig_1_0.dtd">

<faces-config>
   <managed-bean>
      <managed-bean-name>customer</managed-bean-name>
      <managed-bean-class>com.corejsf.CustomerBean</managed-bean-class>
      <managed-bean-scope>session</managed-bean-scope>
   </managed-bean>
</faces-config>
