<?xml version="1.0"?>

<!DOCTYPE faces-config PUBLIC
   "-//Sun Microsystems, Inc.//DTD JavaServer Faces Config 1.0//EN"
   "http://java.sun.com/dtd/web-facesconfig_1_0.dtd">

<faces-config>
   <managed-bean> 
      <managed-bean-name>form</managed-bean-name>
      <managed-bean-class>com.corejsf.FormBean</managed-bean-class> 
      <managed-bean-scope>session</managed-bean-scope> 
   </managed-bean>

   <lifecycle>
      <phase-listener>com.corejsf.PhaseTracker</phase-listener>
   </lifecycle>
</faces-config>
