<?xml version="1.0"?>

<!DOCTYPE faces-config PUBLIC
  "-//Sun Microsystems, Inc.//DTD JavaServer Faces Config 1.0//EN"
  "http://java.sun.com/dtd/web-facesconfig_1_0.dtd">

<faces-config>

   <navigation-rule>
      <from-view-id>/index.jsp</from-view-id>
      <navigation-case>
         <from-outcome>next</from-outcome>
         <to-view-id>/next.jsp</to-view-id>
      </navigation-case>
   </navigation-rule>

   <navigation-rule>
      <from-view-id>/next.jsp</from-view-id>
      <navigation-case>
         <from-outcome>again</from-outcome>
         <to-view-id>/index.jsp</to-view-id>
      </navigation-case>
   </navigation-rule>

   <component>
      <component-type>com.corejsf.Spinner</component-type>
      <component-class>com.corejsf.UISpinner</component-class>
   </component>

   <managed-bean> 
      <managed-bean-name>cardExpirationDate</managed-bean-name>
      <managed-bean-class>com.corejsf.CreditCardExpiration</managed-bean-class> 
      <managed-bean-scope>session</managed-bean-scope> 
   </managed-bean>

</faces-config>

