﻿<?xml version="1.0" encoding="UTF-8"?>
<!DOCTYPE beans PUBLIC "-//SPRING//DTD BEAN//EN" "http://www.springframework.org/dtd/spring-beans.dtd">
<beans>
    <bean id="dataSource" class="org.apache.commons.dbcp.BasicDataSource" destroy-method="close">
        <property name="driverClassName">
            <value>org.hsqldb.jdbcDriver</value>
        </property>
        <property name="url">
            <value>jdbc:hsqldb:data/tutorial</value>
        </property>
        <property name="username">
            <value>sa</value>
        </property>
        <property name="password">
            <value></value>
        </property>
    </bean>
    <bean id="factory" class="org.springframework.orm.hibernate3.LocalSessionFactoryBean">
        <property name="mappingResources">
            <list>
                <value>Event.hbm.xml</value>
            </list>
        </property>
        <property name="hibernateProperties">
            <props>
                <prop key="hibernate.dialect">org.hibernate.dialect.HSQLDialect</prop>
                <prop key="hibernate.show_sql">false</prop>
            </props>
        </property>
        <property name="dataSource">
            <ref bean="dataSource"/>
        </property>
    </bean>
    <bean id="eventDao" class="EventSpringDao">
        <property name="sessionFactory">
            <ref bean="factory" />
        </property>
    </bean>
</beans>