<?xml version="1.0"?>
<!DOCTYPE hibernate-mapping PUBLIC
        "-//Hibernate/Hibernate Mapping DTD 3.0//EN"
        "http://hibernate.sourceforge.net/hibernate-mapping-3.0.dtd">
<hibernate-mapping >
    <class name="Event" table="events">
        <id name="id" column="uid" type="long">
            <generator class="increment"/>
        </id>
        <property name="name" type="string"/>
        <property name="startDate" column="start_date" type="date"/>
        <property name="duration" type="integer"/>
    </class>
</hibernate-mapping>

