
<!--
	app-server-ant.xml; script to handle the SunONE Application Server
-->

	<property name="j2ee.home" value="/opt/SUNWappserver"/>
	<property name="j2ee.server.name" value="localhost"/>
	<property name="j2ee.server.username" value="admin"/>
	<property name="j2ee.server.password" value="yetiyeti"/>
	<property name="j2ee.adminserver.port" value="4848"/>
	<property name="j2ee.appserver.instance" value="server"/>

	<property name="j2ee.dtd.home"	value="${j2ee.home}/lib/dtds"/>
	<property name="j2ee.schema.home"	value="${j2ee.home}/lib/schemas"/>

	<target name="tools">
		<condition property="j2ee-script-suffix" value=".bat">
			<os family="windows"/>
		</condition>
		<condition property="j2ee-script-suffix" value="">
			<not>
				<os family="windows"/>
			</not>
		</condition>
		<condition property="path.separator" value=";">
			<os family="windows"/>
		</condition>
		<condition property="path.separator" value=":">
			<not>
				<os family="windows"/>
			</not>
		</condition>
		<property name="wscompile" 
				value="${j2ee.home}/bin/wscompile${j2ee-script-suffix}"/>
		<property name="asadmin" 
				value="${j2ee.home}/bin/asadmin${j2ee-script-suffix}"/>
	</target>

	<path id="j2ee.classpath">
		<pathelement location="${j2ee.home}/lib/j2ee.jar"/>
		<pathelement location="${j2ee.home}/lib/jhall.jar"/>
		<pathelement location="${j2ee.home}/bin"/>
	</path>

<!-- oracle setup -->

	<target name="oracle-dbsetup" 
		depends="create-jdbc-connection-poolpb, create-jdbc-resource, reconfig">
	</target>

	<target name="oracle-dbremove" 
		depends="delete-jdbc-resource, delete-jdbc-connection-pool, reconfig">
	</target>

<!-- JMS setup -->

	<target name="create-my-jms-resources"
		depends="create-qcf, create-queue, list-jmsdest, list-jms-resources"/>

	<target name="delete-my-jms-resources" depends="delete-qcf, delete-queue"/>

	<target name="create-qcf" description="Create queue connection factory.">
		<echo message="Creating queue connection factory"/>
		<antcall target="create-jms-connection">
			<param name="jms.restype" value="${app.jmsfactory.restype}"/>
			<param name="jms.factory.name" value="${app.jmsfactory.resource.name}"/>
		</antcall>
	</target>

	<target name="create-queue"
			description="Create physical queue and queue resource.">
		<echo message="Creating physical queue"/>
		<antcall target="create-jms-dest">
			<param name="jms.dest.desttype" value="${app.jmsdest.desttype}"/>
			<param name="jms.dest.property" value="${app.jmsdest.property}"/>
			<param name="jms.dest.name" value="${app.jmsdest.name}"/>
		</antcall>

		<echo message="Creating queue resource"/>
		<antcall target="create-jms-resource">
			<param name="jms.restype" value="${app.jmsresource.restype}"/>
			<param name="jms.property" value="${app.jmsresource.property}"/>
			<param name="jms.resource.name" value="${app.jmsresource.resource.name} "/>
		</antcall>
	</target>

	<target name="delete-queue" 
			description="Delete physical queue and queue resource.">
		<echo message="Delete physical queue"/>
		<antcall target="delete-jms-dest">
			<param name="jms.dest.desttype" value="${app.jmsdest.desttype}"/>
			<param name="jms.dest.name" value="${app.jmsdest.name}"/>
		</antcall>
		<echo message="Delete queue resource"/>
		<antcall target="delete-jms-resource">
			<param name="jms.resource.name" value="${app.jmsresource.resource.name} "/>
		</antcall>

	</target>

	<target name="delete-qcf" 
			description="Delete queue connection factory.">
		<echo message="Delete queue connection factory"/>
		<antcall target="delete-jms-connection">
			<param name="jms.factory.name" value="${app.jmsfactory.resource.name}"/>
		</antcall>
	</target>

<!-- SunONE Application server targets -->

  <target name="keygen_common" depends="tools">
    <echo message="Generating key for user ${app.user} in server."/>
    <exec executable="${asadmin}">
        <arg line=" create-file-user"/>
        <arg line=" --user ${j2ee.server.username}" />
        <arg line=" --password ${j2ee.server.password}" />
        <arg line=" --host ${j2ee.server.name}" />
        <arg line=" --port ${j2ee.adminserver.port}" />
        <arg line=" --groups ${app.groups}"/>
        <arg line=" --userpassword=${app.userpassword}"/>
        <arg line=" ${app.user}"/>
   </exec>
  </target>

  <target name="keydel_common" depends="tools">
    <echo message="Deleting key for user ${app.user} in server."/>
    <exec executable="${asadmin}">
        <arg line=" delete-file-user"/>
        <arg line=" --user ${j2ee.server.username}" />
        <arg line=" --password ${j2ee.server.password}" />
        <arg line=" --host ${j2ee.server.name}" />
        <arg line=" --port ${j2ee.adminserver.port}" />
        <arg line=" ${app.user}"/>
   </exec>
  </target>

  <target name="create-persistence-resource" depends="tools">
     <exec executable="${asadmin}">
        <arg line="create-persistence-resource"/>
        <arg line=" --user ${j2ee.server.username}" />
        <arg line=" --password ${j2ee.server.password}" />
        <arg line=" --host ${j2ee.server.name}" />
        <arg line=" --port ${j2ee.adminserver.port}" />
        <arg line=" --factoryclass com.sun.jdo.spi.persistence.support.sqlstore.impl.PersistenceManagerFactoryImpl" />
        <arg line=" --jdbcjndiname ${jdbc.resource.name}" />
        <arg line=" ${pm.resource.name}" />
    </exec>
 </target>

  <target name="create-jms-resource"  depends="tools">
     <exec executable="${asadmin}">
        <arg line="create-jms-resource"/>
        <arg line=" --user ${j2ee.server.username}" />
        <arg line=" --password ${j2ee.server.password}" />
        <arg line=" --host ${j2ee.server.name}" />
        <arg line=" --port ${j2ee.adminserver.port}" />
        <arg line=" --echo=true "/>
        <arg line=" --restype ${jms.restype}" />
        <arg line=" --enabled=true" />
        <arg line=" ${jms.property} "/>
        <arg line=" ${jms.resource.name}" />
    </exec>
  </target>

  <target name="create-jms-connection"  depends="tools">
     <exec executable="${asadmin}">
        <arg line="create-jms-resource"/>
        <arg line=" --user ${j2ee.server.username}" />
        <arg line=" --password ${j2ee.server.password}" />
        <arg line=" --host ${j2ee.server.name}" />
        <arg line=" --port ${j2ee.adminserver.port}" />
        <arg line=" --echo=true "/>
        <arg line=" --restype ${jms.restype}" />
        <arg line=" --enabled=true" />
        <arg line=" ${jms.factory.name}" />
    </exec>
  </target>

  <target name="create-jms-dest"  depends="tools">
     <exec executable="${asadmin}">
        <arg line="create-jmsdest"/>
        <arg line=" --user ${j2ee.server.username}" />
        <arg line=" --password ${j2ee.server.password}" />
        <arg line=" --host ${j2ee.server.name}" />
        <arg line=" --port ${j2ee.adminserver.port}" />
        <arg line=" --echo=true "/>
        <arg line=" --desttype ${jms.dest.desttype}" />
        <arg line=" ${jms.dest.property} "/>
        <arg line=" ${jms.dest.name}" />
    </exec>
  </target>

  <target name="create-javamail-resource"  depends="tools">
     <exec executable="${asadmin}">
        <arg line="create-javamail-resource"/>
        <arg line=" --user ${j2ee.server.username}" />
        <arg line=" --password ${j2ee.server.password}" />
        <arg line=" --host ${j2ee.server.name}" />
        <arg line=" --port ${j2ee.adminserver.port}" />
        <arg line=" --mailhost ${mail.host}" />
        <arg line=" --mailuser ${mail.username}" />
        <arg line=" --fromaddress ${mail.fromaddress}" />
        <arg line=" ${javamail.resource.name}" />
    </exec>
  </target>

  <target name="delete-javamail-resource"  depends="tools">
     <exec executable="${asadmin}">
        <arg line="delete-javamail-resource"/>
        <arg line=" --user ${j2ee.server.username}" />
        <arg line=" --password ${j2ee.server.password}" />
        <arg line=" --host ${j2ee.server.name}" />
        <arg line=" --port ${j2ee.adminserver.port}" />
        <arg line=" ${javamail.resource.name}" />
    </exec>
  </target>

  <target name="list-jms-resources" depends="tools">
     <exec executable="${asadmin}">
        <arg line="list-jms-resources"/>
        <arg line=" --user ${j2ee.server.username}" />
        <arg line=" --password ${j2ee.server.password}" />
        <arg line=" --host ${j2ee.server.name}" />
        <arg line=" --port ${j2ee.adminserver.port}" />
    </exec>
  </target>

  <target name="list-jmsdest" depends="tools">
     <exec executable="${asadmin}">
        <arg line="list-jmsdest"/>
        <arg line=" --user ${j2ee.server.username}" />
        <arg line=" --password ${j2ee.server.password}" />
        <arg line=" --host ${j2ee.server.name}" />
        <arg line=" --port ${j2ee.adminserver.port}" />
    </exec>
  </target>

  <target name="delete-persistence-resource" depends="tools">
     <exec executable="${asadmin}">
        <arg line="delete-persistence-resource"/>
        <arg line=" --user ${j2ee.server.username}" />
        <arg line=" --password ${j2ee.server.password}" />
        <arg line=" --host ${j2ee.server.name}" />
        <arg line=" --port ${j2ee.adminserver.port}" />
       <arg line=" ${pm.resource.name}" />
    </exec>
  </target>

  <target name="delete-jms-resource" depends="tools">
     <exec executable="${asadmin}">
        <arg line="delete-jms-resource"/>
        <arg line=" --user ${j2ee.server.username}" />
        <arg line=" --password ${j2ee.server.password}" />
        <arg line=" --host ${j2ee.server.name}" />
        <arg line=" --port ${j2ee.adminserver.port}" />
        <arg line=" --echo=true "/>
        <arg line=" ${jms.resource.name}" />
    </exec>
  </target>

  <target name="delete-jms-connection" depends="tools">
     <exec executable="${asadmin}">
        <arg line="delete-jms-resource"/>
        <arg line=" --user ${j2ee.server.username}" />
        <arg line=" --password ${j2ee.server.password}" />
        <arg line=" --host ${j2ee.server.name}" />
        <arg line=" --port ${j2ee.adminserver.port}" />
        <arg line=" --echo=true "/>
        <arg line=" ${jms.factory.name}" />
    </exec>
  </target>

  <target name="delete-jms-dest"  depends="tools">
     <exec executable="${asadmin}">
        <arg line="delete-jmsdest"/>
        <arg line=" --user ${j2ee.server.username}" />
        <arg line=" --password ${j2ee.server.password}" />
        <arg line=" --host ${j2ee.server.name}" />
        <arg line=" --port ${j2ee.adminserver.port}" />
        <arg line=" --echo=true "/>
        <arg line=" --desttype ${jms.dest.desttype}" />
        <arg line=" ${jms.dest.name}" />
    </exec>
  </target>

  <target name="reconfig" depends="tools">
     <echo message="Reconfiguring server ${j2ee.appserver.instance}"/>
     <exec executable="${asadmin}">
        <arg line=" reconfig"/>
        <arg line=" --user ${j2ee.server.username}" />
        <arg line=" --password ${j2ee.server.password}" />
        <arg line=" --host ${j2ee.server.name}" />
        <arg line=" --port ${j2ee.adminserver.port}" />
        <arg line=" server"/>
    </exec>      
  </target>
  
 <target name="create-jdbc-connection-poolpb" depends="tools">
    <exec executable="${asadmin}">
        <arg line=" create-jdbc-connection-pool"/>
        <arg line=" --user ${j2ee.server.username}" />
        <arg line=" --password ${j2ee.server.password}" />
        <arg line=" --host ${j2ee.server.name}" />
        <arg line=" --port ${j2ee.adminserver.port}" />
        <arg line=" --echo "/>
        <arg line=" --maxpoolsize ${app.jdbc.size.maxpool}" />
        <arg line=" --isolationlevel ${app.jdbc.level.isolation}" />
        <arg line=" --steadypoolsize ${app.jdbc.size.steadypool}" />
        <arg line=" --datasourceclassname ${app.jdbc.ds.class}" />
        <arg line=" --restype javax.sql.DataSource" />
        <arg line=" --property user=${app.jdbc.user}:password=${app.jdbc.password}:url=${app.jdbc.url} " />
        <arg line=" ${app.jdbc.pool.name} " />
    </exec> 
 </target>
 
  <target name="create-jdbc-resource"  depends="tools">
     <exec executable="${asadmin}">
        <arg line="create-jdbc-resource"/>
        <arg line=" --user ${j2ee.server.username}" />
        <arg line=" --password ${j2ee.server.password}" />
        <arg line=" --host ${j2ee.server.name}" />
        <arg line=" --port ${j2ee.adminserver.port}" />
        <arg line=" --connectionpoolid ${app.jdbc.pool.name}" />
        <arg line=" --enabled=true" />
        <arg line=" ${app.jdbc.resource.name}" />
    </exec>     
  </target>

  <target name="delete-jdbc-resource" depends="tools">
     <exec executable="${asadmin}">
        <arg line="delete-jdbc-resource"/>
        <arg line=" --user ${j2ee.server.username}" />
        <arg line=" --password ${j2ee.server.password}" />
        <arg line=" --host ${j2ee.server.name}" />
        <arg line=" --port ${j2ee.adminserver.port}" />
        <arg line="${app.jdbc.resource.name}" />
    </exec>
  </target>

  <target name="delete-jdbc-connection-pool" depends="tools">
     <exec executable="${asadmin}">
        <arg line="delete-jdbc-connection-pool"/>
        <arg line=" --user ${j2ee.server.username}" />
        <arg line=" --password ${j2ee.server.password}" />
        <arg line=" --host ${j2ee.server.name}" />
        <arg line=" --port ${j2ee.adminserver.port}" />
        <arg line="${app.jdbc.pool.name}" />
    </exec>
  </target>

  <target name="undeploy" depends="tools">
    <echo message="Undeploying ${app.name}." />
    <exec executable="${asadmin}">
        <arg line="undeploy"/>
        <arg line=" --user ${j2ee.server.username}" />
        <arg line=" --password ${j2ee.server.password}" />
        <arg line=" ${app.name} " />
    </exec> 
  </target>

  <target name="deploy" depends="tools">
    <fail unless="app.module" message="application.module must be set before invoking this target. Otherwise there is no application to deploy."/>
    <fail unless="app.name" message="application.module must be set before invoking this target. Otherwise there is no application to deploy."/>
    <exec executable="${asadmin}">
        <arg line=" deploy "/>
        <arg line=" --user ${j2ee.server.username}" />
        <arg line=" --password ${j2ee.server.password}" />
        <arg line=" --host ${j2ee.server.name}" />
        <arg line=" --port ${j2ee.adminserver.port}" />
        <arg line=" --force=true "/>
        <arg line=" --precompilejsp=true "/>
        <arg line=" --upload=true "/>
        <arg line=" --terse=false "/>
        <arg line=" --echo=true "/>
        <arg line=" ${app.deploy.options} "/>
        <arg line=" --name ${app.name}"/>
        <arg line=" --dbvendorname oracle"/>
        <arg line="${app.module}" />
    </exec>
  </target>

