<?xml version="1.0"?>

<!DOCTYPE faces-config PUBLIC
   "-//Sun Microsystems, Inc.//DTD JavaServer Faces Config 1.0//EN"
   "http://java.sun.com/dtd/web-facesconfig_1_0.dtd">

<faces-config>
   <navigation-rule>
      <navigation-case>
         <from-outcome>showInformation</from-outcome>
         <to-view-id>/showInformation.jsp</to-view-id>
      </navigation-case>
   </navigation-rule>

   <managed-bean>
      <managed-bean-name>form</managed-bean-name>
      <managed-bean-class>com.corejsf.RegisterForm</managed-bean-class>
      <managed-bean-scope>session</managed-bean-scope>
   </managed-bean>
</faces-config>
