<?xml version="1.0"?>

<!DOCTYPE faces-config PUBLIC
  "-//Sun Microsystems, Inc.//DTD JavaServer Faces Config 1.0//EN"
  "http://java.sun.com/dtd/web-facesconfig_1_0.dtd">

<faces-config>
   <validator>
      <validator-id>com.corejsf.validator.CommonsValidator</validator-id>
      <validator-class>com.corejsf.validator.CommonsValidator</validator-class>
   </validator>

   <component>
      <component-type>com.corejsf.validator.ValidatorScript</component-type>
      <component-class>com.corejsf.validator.UIValidatorScript</component-class>
   </component>
</faces-config>
