<?xml version="1.0"?>

<!DOCTYPE faces-config PUBLIC
  "-//Sun Microsystems, Inc.//DTD JavaServer Faces Config 1.0//EN"
  "http://java.sun.com/dtd/web-facesconfig_1_0.dtd">

<faces-config>
   <managed-bean>
      <managed-bean-name>numberList</managed-bean-name>
      <managed-bean-class>java.util.ArrayList</managed-bean-class>
      <managed-bean-scope>session</managed-bean-scope>
      <list-entries>
         <value>1</value>
         <value>2</value>
         <value>3</value>
         <value>4</value>
         <value>5</value>
      </list-entries>
   </managed-bean>
</faces-config>
