<?xml version="1.0"?>

<!DOCTYPE faces-config PUBLIC
  "-//Sun Microsystems, Inc.//DTD JavaServer Faces Config 1.0//EN"
  "http://java.sun.com/dtd/web-facesconfig_1_0.dtd">

<faces-config>
   <navigation-rule>
      <from-view-id>/index.jsp</from-view-id>
      <navigation-case>
         <from-outcome>next</from-outcome>
         <to-view-id>/upload/uploadImage.jsp</to-view-id>
      </navigation-case>
   </navigation-rule>
   <navigation-rule>
      <from-view-id>/upload/uploadImage.jsp</from-view-id>
      <navigation-case>
         <from-outcome>submit</from-outcome>
         <to-view-id>/submitted.jsp</to-view-id>
      </navigation-case>
   </navigation-rule>

   <component>
      <component-type>com.corejsf.Upload</component-type>
      <component-class>javax.faces.component.UIInput</component-class>
   </component>

   <render-kit>
      <renderer>
         <component-family>javax.faces.Input</component-family>
         <renderer-type>com.corejsf.Upload</renderer-type>
         <renderer-class>com.corejsf.UploadRenderer</renderer-class>
      </renderer>
   </render-kit>

   <managed-bean> 
      <managed-bean-name>user</managed-bean-name>
      <managed-bean-class>com.corejsf.UserBean</managed-bean-class> 
      <managed-bean-scope>session</managed-bean-scope> 
   </managed-bean>

</faces-config>
