<?xml version="1.0" encoding="UTF-8"?>
<ejb-jar id="ejb-jar_ID" version="2.1" xmlns="http://java.sun.com/xml/ns/j2ee" xmlns:xsi="http://www.w3.org/2001/XMLSchema-instance" xsi:schemaLocation="http://java.sun.com/xml/ns/j2ee http://java.sun.com/xml/ns/j2ee/ejb-jar_2_1.xsd">
	<display-name>
	HadrianEJB</display-name>
	<enterprise-beans>
		<session id="Abcd">
			<ejb-name>Abcd</ejb-name>
			<home>jvejb2.AbcdHome</home>
			<remote>jvejb2.Abcd</remote>
			<ejb-class>jvejb2.AbcdBean</ejb-class>
			<session-type>Stateless</session-type>
			<transaction-type>Container</transaction-type>
				<env-entry>
					<description>Nero Datasource Name</description>
					<env-entry-name>dbservlet/DataSource</env-entry-name>
					<env-entry-type>java.lang.String</env-entry-type>
					<env-entry-value>jdbc/NeroResource</env-entry-value>
				</env-entry>
			<resource-ref>
				<description>
				</description>
				<res-ref-name>jdbc/NeroResource</res-ref-name>
				<res-type>javax.sql.DataSource</res-type>
				<res-auth>Container</res-auth>
				<res-sharing-scope>Shareable</res-sharing-scope>
			</resource-ref>
		</session>
	</enterprise-beans>
	<ejb-client-jar>HadrianEJBClient.jar</ejb-client-jar>
</ejb-jar>
