<?xml version="1.0"?>

<!DOCTYPE faces-config PUBLIC
  "-//Sun Microsystems, Inc.//DTD JavaServer Faces Config 1.0//EN"
  "http://java.sun.com/dtd/web-facesconfig_1_0.dtd">

<faces-config>

   <navigation-rule>
      <from-view-id>/index.jsp</from-view-id>
      <navigation-case>
         <from-outcome>success</from-outcome>
         <to-view-id>/result.jsp</to-view-id>
      </navigation-case>
      <navigation-case>
         <from-outcome>failure</from-outcome>
         <to-view-id>/error.jsp</to-view-id>
      </navigation-case>
   </navigation-rule>
   <navigation-rule>
      <from-view-id>/result.jsp</from-view-id>
      <navigation-case>
         <from-outcome>back</from-outcome>
         <to-view-id>/index.jsp</to-view-id>
      </navigation-case>
   </navigation-rule>
   <navigation-rule>
      <from-view-id>/error.jsp</from-view-id>
      <navigation-case>
         <from-outcome>continue</from-outcome>
         <to-view-id>/index.jsp</to-view-id>
      </navigation-case>
   </navigation-rule>

   <managed-bean> 
      <managed-bean-name>authorSearch</managed-bean-name>
      <managed-bean-class>com.corejsf.AuthorSearchBean</managed-bean-class> 
      <managed-bean-scope>session</managed-bean-scope> 
      <managed-property>
         <property-name>token</property-name>
         <value>DKF0P4E4SDLYR</value>
      </managed-property>
   </managed-bean>

</faces-config>
