<?xml version="1.0"?>

<!DOCTYPE faces-config PUBLIC
  "-//Sun Microsystems, Inc.//DTD JavaServer Faces Config 1.0//EN"
  "http://java.sun.com/dtd/web-facesconfig_1_0.dtd">

<faces-config>
   <navigation-rule>
      <navigation-case>
         <from-outcome>success</from-outcome>
         <to-view-id>/success.jsp</to-view-id>
         <redirect/>
      </navigation-case>
      <navigation-case>
         <from-outcome>again</from-outcome>
         <to-view-id>/again.jsp</to-view-id>
      </navigation-case>
      <navigation-case>
         <from-outcome>failure</from-outcome>
         <to-view-id>/failure.jsp</to-view-id>
      </navigation-case>
      <navigation-case>
         <from-outcome>done</from-outcome>
         <to-view-id>/done.jsp</to-view-id>
      </navigation-case>
      <navigation-case>
         <from-outcome>startOver</from-outcome>
         <to-view-id>/index.jsp</to-view-id>
      </navigation-case>
   </navigation-rule>

   <managed-bean> 
      <managed-bean-name>quiz</managed-bean-name>
      <managed-bean-class>com.corejsf.QuizBean</managed-bean-class> 
      <managed-bean-scope>session</managed-bean-scope> 
   </managed-bean>

</faces-config>
