<?xml version="1.0"?>

<!DOCTYPE faces-config PUBLIC
  "-//Sun Microsystems, Inc.//DTD JavaServer Faces Config 1.0//EN"
  "http://java.sun.com/dtd/web-facesconfig_1_0.dtd">

<faces-config>
   <navigation-rule>
      <from-view-id>/index.jsp</from-view-id>
      <navigation-case>
         <from-outcome>process</from-outcome>
         <to-view-id>/result.jsp</to-view-id>
      </navigation-case>
   </navigation-rule>

   <navigation-rule>
      <from-view-id>/result.jsp</from-view-id>
      <navigation-case>
         <from-outcome>back</from-outcome>
         <to-view-id>/index.jsp</to-view-id>
      </navigation-case>
   </navigation-rule>
   
   <converter> 
      <converter-id>com.corejsf.CreditCard</converter-id>
      <converter-class>com.corejsf.CreditCardConverter</converter-class> 
   </converter>

   <converter> 
      <converter-for-class>com.corejsf.CreditCard</converter-for-class>
      <converter-class>com.corejsf.CreditCardConverter</converter-class> 
   </converter>

   <managed-bean> 
      <managed-bean-name>payment</managed-bean-name>
      <managed-bean-class>com.corejsf.PaymentBean</managed-bean-class> 
      <managed-bean-scope>session</managed-bean-scope> 
   </managed-bean>
</faces-config>