<?xml version="1.0" encoding="UTF-8"?>
<application id="Application_ID" version="1.4" xmlns="http://java.sun.com/xml/ns/j2ee" xmlns:xsi="http://www.w3.org/2001/XMLSchema-instance" xsi:schemaLocation="http://java.sun.com/xml/ns/j2ee http://java.sun.com/xml/ns/j2ee/application_1_4.xsd">
	<display-name>
	HadrianEAR</display-name>
	<module id="EjbModule_1122174101708">
		<ejb>HadrianEJB.jar</ejb>
	</module>
	<module id="WebModule_1122174336547">
		<web>
			<web-uri>HadrianWAR.war</web-uri>
			<context-root>HadrianWAR</context-root>
		</web>
	</module>
</application>
