<?xml version="1.0"?>

<!DOCTYPE faces-config PUBLIC
  "-//Sun Microsystems, Inc.//DTD JavaServer Faces Config 1.0//EN"
  "http://java.sun.com/dtd/web-facesconfig_1_0.dtd">

<faces-config>
   <render-kit>
      <renderer>
         <component-family>javax.faces.Output</component-family>
         <renderer-type>com.corejsf.Pager</renderer-type>
         <renderer-class>com.corejsf.PagerRenderer</renderer-class>
      </renderer>
   </render-kit>

   <managed-bean> 
      <managed-bean-name>bb</managed-bean-name>
      <managed-bean-class>com.corejsf.BackingBean</managed-bean-class> 
      <managed-bean-scope>session</managed-bean-scope> 
   </managed-bean>
</faces-config>

