<?xml version="1.0" encoding="ISO-8859-1" ?>

 <!DOCTYPE tiles-definitions PUBLIC
       "-//Apache Software Foundation//DTD Tiles Configuration 1.1//EN"
       "http://jakarta.apache.org/struts/dtds/tiles-config_1_1.dtd">

<tiles-definitions>

	<!-- DEFAULT MAIN TEMPLATE -->
	<definition name="template" page="/WEB-INF/jsp/main.jsp">
		<put name="newsOne" value="worldpress" type="definition"/>
		<put name="newsTwo" value="slashdot" type="definition"/>
	</definition>

	<definition name="index" extends="template">
		<put name="content" value="/WEB-INF/jsp/index.jsp" type="page"/>
		<put name="newsOne" value="theserverside" type="definition"/>
		<put name="newsTwo" value="slashdot" type="definition"/>
	</definition>

	<definition name="about" extends="template">
		<put name="content" value="/WEB-INF/jsp/about.jsp" type="page"/>
		<put name="newsOne" value="javablogs" type="definition"/>
		<put name="newsTwo" value="slashdot" type="definition"/>
	</definition>

	<definition name="contact" extends="template">
		<put name="content" value="/WEB-INF/jsp/contact.jsp" type="page"/>
		<put name="newsOne" value="theserverside" type="definition"/>
		<put name="newsTwo" value="javablogs" type="definition"/>
	</definition>

	<definition name="news" page="/WEB-INF/jsp/news.jsp" controllerClass="org.springframework.samples.tiles.NewsFeedController">
		<put name="size" value="5"/>
	</definition>

	<definition name="theserverside" extends="news">
		<put name="sourceName" value="theserverside"/>
	</definition>

	<definition name="javablogs" extends="news">
		<put name="sourceName" value="javablogs"/>
	</definition>

	<definition name="slashdot" extends="news">
		<put name="sourceName" value="slashdot"/>
	</definition>

</tiles-definitions>
